hulpstof	Gluten
3-METHYL-1-BUTANOL	
4-METHOXYACETOPHENONE (RI)	
AARDAPPELZETMEEL	N
AARDAPPELZETMEEL, GEOXIDEERD EN GEACETYLEERD	N
AARDAPPELZETMEEL, GEPREGELATINEERD	N
AARDAPPELZETMEEL, OPLOSBAAR	N
AARDAPPELZETMEEL, THERMISCH VOORBEHANDELD, KOUD ZWELBAAR	N
AARDBEIEN-BANANENSMAAKSTOF	
AARDBEIEN-GUARANASMAAKSTOF, 586997 AP0551 FIRMENICH	
AARDBEIENCRÈMESMAAKSTOF PHS-048481 Givaudan	
AARDBEIENSMAAKSTOF	
AARDBEIENSMAAKSTOF 17C56217 IFF	
AARDBEIENSMAAKSTOF 52.312 AP 0551 Firmenich	
AARDBEIENSMAAKSTOF 52311 AP 0551	
AARDBEIENSMAAKSTOF DROOG 995 2L 08872 1 Mastertaste	
AARDBEIENSMAAKTSTOF 052312 AH - 054267 AH Firmenich	
ABRIKOZENSMAAKSTOF	
ABRIKOZENSMAAKSTOF 52247 AP 0551	
ACACIA SENEGAL	
ACESULFAAM KALIUM (E 950)	
ACETAAT  (C2H3O2)-	
ACETON	
ACETYLCYSTEÏNE	
ACETYLTRIETHYLCITRAAT	
ACETYLTRYPTOPHAAN (L-vorm)	
ACRYLAATKLEEFSTOF	
ACRYLZUUR HOMOPOLYMEER	
ACRYLZUUR-ACRYLAAT COPOLYMEER	
ADIPINEZUUR (E 355)	
AGAR	
ALANINE, L-	
ALCLOXA	
ALGINEZUUR	
ALLANTOINE	
ALLURAROOD AC (E129)	
ALLURAROOD AC ALUMINIUM LAK (E 129)	
ALOE	
ALOËBLAD-SOJAOLIE EXTRACT (6 = 1)	
ALUMINIUM	
ALUMINIUM (AL 3+) (E 173)	
ALUMINIUM CHLORIDE 6-WATER	
ALUMINIUM COATED POLYESTER FOIL (RI)	
ALUMINIUM SILICATE (E 559) (RI)	
ALUMINIUM ZETMEEL OCTENYLSUCCINAAT	?
ALUMINIUM-HYDROXY-N-ACETYL-DL-METHIONINE-ALLANTOINE (RI)	
ALUMINIUMACETYLACETONAAT	
ALUMINIUMFOSFAAT	
ALUMINIUMFOSFAAT, GEHYDRATEERD	
ALUMINIUMGLYCINAAT 0-WATER	
ALUMINIUMHYDROXIDE 0-WATER	
ALUMINIUMHYDROXIDE GEL	
ALUMINIUMHYDROXIDE, GEHYDRATEERD, VOOR ADSORPTIE	
ALUMINIUMHYDROXYFOSFAAT-SULFAAT	
ALUMINIUMKALIUMSULFAAT 12-WATER	
ALUMINIUMMAGNESIUMMETASILICAAT, type 1A,B of C	
ALUMINIUMMAGNESIUMSILICAAT	
ALUMINIUMOXIDE 0-WATER	
ALUMINIUMOXIDE, GEHYDRATEERD	
ALUMINIUMTRISTEARAAT	
AMANDELOLIE	
AMINOCAPRONZUUR	
AMINOZUREN (AANTAL 15)	
AMMONIA (E 527)	
AMMONIOMETHACRYLAATCOPOLYMEER TYPE A	
AMMONIOMETHACRYLAATCOPOLYMEER TYPE B	
AMMONIUM CALCIUM ALGINAAT	
AMMONIUM PHOSPHATE, MONOBASIC (RI)	
AMMONIUMGLYCYRRHIZAAT	
AMMONIUMNONYLPHENOXYPOLY(ETHYLEENOXY)ETHANOLSULFAAT	
AMMONIUMSULFAAT	
AMYLOPECTIN (RI)	
ANANASSMAAKSTOF	
ANETHOL (E-VORM)	
ANIDRISORB 85/70 (RI)	
ANIJSOLIE	
ANIJSSMAAKSTOF	
ANIJSZAADSMAAKSTOF	
ANTHOCYANEN (E 163)	
ANTIFOAM 1510	
ANTIFOAM E2 {MIXTURE OF 4 INGREDIENTS OF WHICH 3 SOLID} (RI)	
ANTIFOAM M-30	
ANTITHROMBINE III	
ANTITROMBINE III	
APOCAROTENAL 1% CWS {MIXTURE OF 7 INGREDIENTS} (RI)	
APPELSMAAKSTOF SN847500-SN837953-IFF	
APPELZUUR, (DL)(+-)(E 296)	
APPELZUUR, (L-)(-)(E 296)	
APPLE FLAVOUR 501137 TP0551 (RI)	
ARABISCHE GOM (E 414)	
ARACHISOLIE	
ARGININE, (L-)	
ARGININEHYDROCHLORIDE, (L-)	
ARGON (HEAD SPACE) (E 938)	
ARLACEL 165	
AROMASTOFFEN	
AROMATIC ELIXER FLAVOUR 82 % VOL. E.25848 (RI)	
AROME AGRUME PE 5520 (RI)	
AROME DE CITRON (RI)	
ARTIFICIAL BANANA FMC 15223 (RI)	
ARTIFICIAL CHERRY FMC 11929 (RI)	
ARTIFICIAL CREME DE VANILLA FMC 11489 (RI)	
ARTIFICIAL STRAWBERRY FLAVOUR (RI)	
ASCORBINEZUUR (L-) (E 300)	
ASCORBYLPALMITAAT (E 304)	
ASPARAGINE 1-WATER	
ASPARTAAM (E 951)	
ATTAPULGIET, GEACTIVEERD	
AVICEL PH 102 (IN)	
AZIJNZUUR (E 260)	
AZIJNZUUR (E 260), GECONCENTREERD	
AZIJNZUURESTERS VAN MONO- EN DIGLYCERIDEN VAN VETZUREN (E 472a)	
AZORUBINE (E 122)	
AZORUBINE ALUMINIUM LAK (E 122)	
BANAANSMAAKSTOF BC-01697	
BANANA AROMA 9/060290 DRAGOCO (RI)	
BANANA FLAVOUR 59.256 AP 05.51 (RI)	
BANANA FLAVOUR 81.605P (RI)	
BANANA FLAVOUR E.9530185 (RI)	
BANANENSMAAKSTOF	
BANANENSMAAKSTOF 054330 A Firmenich	
BANANENSMAAKSTOF 15052846 IFF	
BANANENSMAAKSTOF 501013 AP0051 Firmenich	
BANANENSMAAKSTOF GD-00224	
BANANENSMAAKSTOF, Aroma Plantano 848434, Robertet	
BARIUMSULFAAT	
BARNSTEENZUUR (E 363)	
BASISCH GEBUTYLEERD METHACRYLAAT COPOLYMEER	
BEIGE INKT	
BENTONIET	
BENZALDEHYDE	
BENZALKONIUM BROMIDE (RI)	
BENZALKONIUMCHLORIDE	
BENZEENSULFONZUUR	
BENZETHONIUMCHLORIDE	
BENZODODECINIUMBROMIDE	
BENZOËZUUR (E 210)	
BENZYLALCOHOL (E 1519)	
BENZYLBENZOAAT	
BERGAMOT OIL (RI)	
BERNAGIEOLIE	
BETA-APO-8'-CAROTENAL (E 160E) (RI)	
BETACAROTEEN (E 160a (II))	
BETACAROTENE 1% CWS-M {MIXTURE OF 8 INGREDIENTS}	
BETADEX (E 459)	
BETAINE HYDROCHLORIDE	
BIS-DIGLYCEROLPOLYACYLADIPINAAT-2	
BISABOLOL (RI)	
BIXINEOLIE	
BLACK INK 1007 {MIXTURE OF 7 INGR. OF WHICH 4 SOLID} (RI)	
BLACKCURRANT FLAVOURING E.9611332 (RI)	
BLAUWE INKT	
BLOEDSINAASAPPELSMAAKSTOF	
BOORZUUR (E 284)	
BORAX 10-WATER (E 285)	
BRAMENSMAAKSTOF	
BRILJANTBLAUW FCF (E 133)	
BRILJANTBLAUW FCF ALUMINIUMLAK (E133)	
BRILJANTGROEN	
BRILJANTZWART BN (E151)	
BRUINE INKT	
BUTAAN (E 943A)	
BUTAAN (HEAD-SPACE) (E 943A)	
BUTYLHYDROXYANISOL (E 320)	
BUTYLHYDROXYTOLUEEN (E 321)	
BUTYLPARAHYDROXYBENZOAAT	
CACAOBOTER	
CACAOSMAAKSTOF	
CALCIUM ARACHINATE (RI)	
CALCIUM BEHENATE	
CALCIUM HYDROGEN PHOSPHATE (HYDRATE FORM  UNKNOWN) (E 341) (RI)	
CALCIUM NATRIUM BUTROL	
CALCIUMBEHENAAT	
CALCIUMCARBONAAT (E 170)	
CALCIUMCHLORIDE 2-WATER (E 509)	
CALCIUMCHLORIDE 6-WATER	
CALCIUMCITRAAT 4-WATER	
CALCIUMDIWATERSTOFFOSTAAT 0-WATER	
CALCIUMHYDROXIDE (E 526)	
CALCIUMLACTAAT 5-WATER (E 327)	
CALCIUMSILICAAT (E 552)	
CALCIUMSTEARAAT (E 470A)	
CALCIUMSULFAAT 2-WATER (E 516)	
CALCIUMWATERSTOFFOSFAAT 0-WATER (E 341)	
CALCIUMWATERSTOFFOSFAAT 2-WATER (E 341)	
CALTERIDOL CALCIUM (RI)	
CANDELILLAWAS (E 902)	
CAPRYLZUUR (E 570)	
CARAMEL (E 150)	
CARAMEL AROMA C.F.8806 (RI)	
CARAMELSMAAKSTOF 52929 A	
CARAMELSMAAKSTOF, ROMIG	
CARBOMEER (TYPE UNKNOWN)	
CARBOMEER 1342	
CARBOMEER 1382	
CARBOMEER 71G-NF	
CARBOMEER 934	
CARBOMEER 934P	
CARBOMEER 940	
CARBOMEER 941	
CARBOMEER 971P	
CARBOMEER 974P	
CARBOMEER 980	
CARBOMEER 981	
CARBOMEER INTERPOLYMEER TYPE A	
CARBOXYMETHYLETHYLCELLULOSE	
CARMELLOSE (E 466)	
CARMELLOSE CALCIUM (E 466)	
CARMELLOSE NATRIUM (E 466)	
CARMINEZUUR (E 120)	
CARMINEZUUR ALUMINIUM LAK (E 120)	
CARNAUBAWAS (E 903)	
CARRAGEENAN (E 407)	
CASEÏNE HYDROLYSAAT	
CASSIS FLAVOUR 54.377/A (RI)	
CASTOROLIE	
CASTOROLIE,  NATRIUMZOUT	
CASTOROLIE, GEHYDREERD	
CASTOROLIE, GEZUIVERD	
CASTOROLIE, POLYETHYLENGLYCOLETHER	
CEDERBLADOLIE	
CEDERHOUTOLIE	
CELLULOSE, DISPERGEERBAAR	
CELLULOSE, GEPOEDERD (E 460)	
CELLULOSE, MICROKRISTALLIJN (E 460)	
CELLULOSEACETAAT	
CELLULOSEACETAATFTALAAT	
CERA ALBA (LN)	
CETOMACROGOL EMULGERENDE WAS (MENGSEL)	
CETOSTEARYLALCOHOL	
CETOSTEARYLALCOHOL,  EMULGEREND, TYPE A/ TYPE B (MENGSEL)	
CETOSTEARYLALCOHOL, EMULGEREND, TYPE A	
CETOSTEARYLALCOHOL, EMULGEREND, TYPE B (MENGSEL)	
CETOSTEARYLALCOHOL, GEETHOXYLEERD	
CETRIMIDE	
CETYLALCOHOL	
CETYLESTERS WAS	
CETYLPALMITAAT	
CHAMOMILE TINCTURE (RI)	
CHERRY FLAVOUR 17.41.0086 (RI)	
CHERRY FLAVOUR PERMASEAL  PHS-143671 (GIVAUDAN)	
CHEWING GUM BASE DANMED 1 (25045) (RI)	
CHINOLINEGEEL (E 104)	
CHINOLINEGEEL ALUMINIUMLAK (E 104)	
CHLOORBUTANOL 0-WATER	
CHLOORBUTANOL 0.5-WATER	
CHLOORCRESOL	
CHLOORHEXIDINE DIACETAAT	
CHLOORHEXIDINEDIHYDROCHLORIDE	
CHLOORXYLENOL	
CHLORIDE (CL-)	
CHLOROALLYL METHENAMINE CHLORIDE (RI)	
CHLOROPHYL KOPER COMPLEX (E 141 I)	
CHLOROPHYLLINE KOPER COMPLEX ALUMINIUM LAKE (E 141 II)	
CHLOROPHYLLINE NATRIUM KOPER COMPLEX(E141 II)	
CHOCOLADESMAAKSTOF	
CHOCOLATE DRY FLAVOUR (RI)	
CHOLECALCIFEROL	
CHOLESTEROL	
CINNAMALDEHYDE	
CINNAMON ESSENTIAL OIL E.2047 (RI)	
CITRAL	
CITRIC ACID, HYDRATE FORM UNKNOWN (E 330) (RI)	
CITROEN-LIMOENSMAAKSTOF	
CITROEN-LIMOENSMAAKSTOF PHS-131984	
CITROENOLIE	
CITROENSMAAKSTOF	
CITROENSMAAKSTOF 051124A Firmenich	
CITROENSMAAKSTOF 301686 Evogran	
CITROENSMAAKSTOF AU	
CITROENSMAAKSTOF BSL CODE NO. 119	
CITROENSMAAKSTOF CT	
CITROENSMAAKSTOF H&R 290252	
CITROENSMAAKSTOF LCA (CODE NR 120)	
CITROENSMAAKSTOF, Fona Int. code 862.015	
CITROENZUUR 0-WATER (E 330)	
CITROENZUUR 1-WATER (E 330)	
CITROENZUURESTERS VAN MONO- EN DIGLYCERIDEN VAN VETZUREN (E 472c)	
CITRONELLAOLIE	
CITRUS AROMA	
CLINDAMYCINEDIWATERSTOFFOSFAAT	
COCAMIDE DEA	
COCHENILLE ROOD (E 124)	
COCOA ESSENCE (RI)	
COCOBETAINE	
COCOS/VANILLE AROMA FAVEUR 905291 (RI)	
COCOSOLIE	
COCOYLCAPRYLOCAPRAAT	
COFFEINE 0-WATER	
COLLAGEEN, EQUINE	
COLOFONIUM	
COLOPHONIUM, GEHYDREERD	
COLOPHONIUM, GEHYDREERD GLYCEROL ESTERS	
COLOUR MIXTURE ORANGE M-1-3509 {MIXTURE CONTAINING 5 SOLID INGREDIENTS } (RI)	
COMPOSITION UNKNOWN (RI)	
COMPOUND 64.404/NY/D (PERFUME) (RI)	
CONFECTIONER'S SUGAR (SUCROSE + MAIZE STARCH) (RI)	N
CONTRAMARUM SMAAKSTOF 210741 (Symrise)	
COOL MINT SMAAKSTOF 501525T Firmenich	
COPOLYMEER VAN  METHACRYLZUUR-METHYLMETHACRYLAAT (1:2)	
COPOLYMEER VAN 2-ETHYLHEXYLACRYLAAT (50),  VINYLACETAAT (50)	
COPOLYMEER VAN 2-ETHYLHEXYLACRYLAAT (62,2), METHACRYLAAT (32,0), ACRYLZUUR (5,7), GLYCIDYLMETHACRYLAAT (0,03)	
COPOLYMEER VAN 2-ETHYLHEXYLACRYLAAT (68,3), VINYLACETAAT (25,5), 2-HYDROXYETHYLACRYLAAT (5,2)	
COPOLYMEER VAN 2-ETHYLHEXYLACRYLAAT (72),  2-HYDROXYETHYLACRYLAAT (5), METHYLACRYLAAT (23)	
COPOLYMEER VAN 2-ETHYLHEXYLACRYLAAT (75,0), BUTYLACRYLAAT (15,0), ACRYLZUUR (5,0), VINYLACETAAT (5,0)	
COPOLYMEER VAN 2-ETHYLHEXYLACRYLAAT (75,0), BUTYLACRYLAAT (15,0), ACRYLZUUR (5,0), VINYLACETAAT (5,0) MET ALUMINIUMACETYLACETONAAT ALS CROSSLINKINGAGENT	
COPOLYMEER VAN 2-ETHYLHEXYLACRYLAAT, GLYCIDYLMETHACRYLAAT, HYDROXYETHYLACRYLAAT, VINYLACETAAT	
COPOLYMEER VAN 2-ETHYLHEXYLACRYLAAT, METHYLACRYLAAT, ACRYLZUUR, TETRAMETHYLSUCCINODINITRIL	
COPOLYMEER VAN 2-ETHYLHEXYLACRYLAAT, VINYLACETAAT, ACRYLZUUR	
COPOLYMEER VAN ACRYLAMIDE-NATRIUM ACRYLOYLDIMETHYLTAURAAT-ISOHEXADECAAN	
COPOLYMEER VAN AMMONIUM ACRYLOYLDIMETHYLTAURAAT-VINYLPYRROLIDON	
COPOLYMEER VAN BUTYLMETHACRYLAAT-METHYLMETHACRYLAAT	
COPOLYMEER VAN CROTONZUUR-VINYLACETAAT	
COPOLYMEER VAN DIMETHYLSILOXAAN-METHYLVINYLSILOXAAN	
COPOLYMEER VAN ETHYLACRYLAAT-METHACRYLZUUR (1:1)	
COPOLYMEER VAN ETHYLACRYLAAT-METHYLMETHACRYLAAT (2:1)	
COPOLYMEER VAN ETHYLEEN-VINYLACETAAT	
COPOLYMEER VAN ETHYLEEN-VINYLACETAAT (15 pCt. vinylacetaat)	
COPOLYMEER VAN ETHYLEEN-VINYLACETAAT (28 pCt. vinylacetaat)	
COPOLYMEER VAN ETHYLEEN-VINYLACETAAT (40 pCt. vinylacetaat)	
COPOLYMEER VAN ETHYLEEN-VINYLACETAAT (9 pCt. vinylacetaat)	
COPOLYMEER VAN ISOOCTYL ACRYLAAT(20,0)-METHYL METHACRYLAAT(65,0)-N-VINYLPYRROLIDINON(15,0)	
COPOLYMEER VAN ISOOCTYLACRYLAAT-ACRYLAMIDE	
COPOLYMEER VAN MACROGOL (25,0)-POLY(VINYL ALCOHOL) (75,0)	
COPOLYMEER VAN METHACRYLAAT KALIUM-DIVINYLBENZEEN	
COPOLYMEER VAN METHACRYLZUUR-METHYLMETHACRYLAAT (1:1)	
COPOLYMEER VAN METHYLMETHACRYLAAT-ACRYLZUUR-ETHYLACRYLAAT	
COPOLYMEER VAN METHYLMETHACRYLAAT-METHYLACRYLAAT	
COPOLYMEER VAN POLYVINYLCAPROLACTAM, POLYVINYLACETAAT, POLYETHYLEENGLYCOL, GRAFT COPOLYMEER	
COPOLYMEER VAN STYREEN-BUTADIËEN, BLOKCOPOLYMEER VAN STYREEN-BUTADIËEN-STYREEN	
COPOLYMEER VAN STYREEN-ISOPREEN, BLOKCOPOLYMEER VAN STYREEN-ISOPREEN-STYREEN	
COPOLYMER OF DIVINYLBENZENE / STYRENE, SULFONIC ACID (RI)	
COPOLYMER OF ETHYLENE GLYCOL DIMETHACRYLATE/LAURYL METHACRYLATE (RI)	
COPOLYMER OF ISOBUTYLMETHACRYLATE\T-OCTYLACRYLAMIDE\ACRYLIC ACID (RI)	
COPOLYMER OF POLYETHYLENE-ISOOCTYL ACRYLATE-ACRYLIC ACID	
COPOVIDON	
CREATININE	
CREME-CARAMEL AROMA SILESIA FLAVOURS	
CROSCARMELLOSE  NATRIUM  (E 468)	
CROSCARMELLOSE (E 468)	
CROSPOVIDON (E 1202)	
CURACAO FLAVOUR 50397 A (RI)	
CURCUMIN (E 100) (RI)	
CYCLODEXTRINE, GAMMA	
CYCLOMETICON	
CYPRESOLIE	
CYSTEINE (L-)HYDROCHLORIDE 1-WATER (E 920)	
CYSTEÏNE (L-)	
D&C ROOD No 33	
DANOJA CHEWING GUM BASE, PRODUCT CODE 25060 (RI)	
DANOJA NOF CHEWING GUM BASE, PRODUCT CODE: 25067 (RI)	
DECYLOLEAAT	
DENATONIUMBENZOAAT 1-WATER	
DENNENNAALDENOLIE	
DEOXYCHOLZUUR	
DEXPANTHENOL	
DEXTRAAN	
DEXTRAAN 70	
DEXTRATEN	
DEXTRINE	
DIACETYLWIJNSTEENZUURESTERS VAN MONO- EN DIGLYCERIDEN (E472e)	
DIBUTYLADIPAAT	
DIBUTYLFTALAAT	
DIBUTYLSEBACAAT	
DICYCLOHEXYLMETHAAN-4,4'-DIISOCYANAAT	
DIETHANOLAMINE (RI)	
DIETHYLAMINE	
DIETHYLEENGLYCOLMONOETHYLETHER	
DIETHYLFTALAAT	
DIHYDROXYALUMINIUM NATRIUMCARBONAAT	
DIISOPROPYL ADIPATE (RI)	
DIISOPROPYLSEBACAAT	
DIKALIUMWATERSTOFFOSFAAT 0-WATER (E 340)	
DIMENTHYLGLUTARAAT	
DIMETHYLACEETAMIDE	
DIMETHYLETHER	
DIMETHYLFTALAAT	
DIMETICON (E 900)	
DIMETICONOL	
DINATRIUMCALCIUMEDETAAT, GEHYDRATEERD (E 385)	
DINATRIUMCROMOGLICAAT	
DINATRIUMEDETAAT 0-WATER	
DINATRIUMEDETAAT 2-WATER	
DINATRIUMEDETAAT(HYDRAAT VORM ONBEKEND)	
DINATRIUMFOSFAT (IN)	
DINATRIUMLAURETHSULFOSUCCINAAT	
DINATRIUMLAURYLSULFOSUCCINAAT	
DINATRIUMSUCCINAAT 6-WATER	
DINATRIUMSULFOSALICYLAAT 3-WATER	
DINATRIUMTARTRAAT 2-WATER (E 335)	
DINATRIUMWATERSTOFCITRAAT 1,5 WATER	
DINATRIUMWATERSTOFFOSFAAT 0-WATER (E 339)	
DINATRIUMWATERSTOFFOSFAAT 1-WATER (E 339)	
DINATRIUMWATERSTOFFOSFAAT 12-WATER (E 339)	
DINATRIUMWATERSTOFFOSFAAT 2-WATER (E 339)	
DINATRIUMWATERSTOFFOSFAAT 7-WATER (E 339)	
DISODIUM PHOSPHATE, HYDRATE FORM UNKNOWN (E 339) (RI)	
DISODIUM SULPHOSALICYLATE (RI)	
DISTEAROYLFOSFATIDYLGLYCEROL	
DOCUSAAT NATRIUM	
DODECYL-2-N,N-DIMETHYLAMINOPROPIONAATHYDROCHLORIDE	
DOMIFEENBROMIDE	
DRUIVENSMAAKSTOF	
DRUKINKT	
EDETAAT TETRANATRIUM	
EDIBLE FATS (RI)	
EETBARE LIJM	
EI FOSFATIDEN, GEZUIVERD	
EMULGADE F SPECIAL {MIXTURE OF 2 INGREDIENTS} (RI)	
EMULGERENDE WAS (MENGSEL)	
ERWTZETMEEL, HYDROXYPROPYL (GEMODIFICEERD)	N
ERYTHROSINE (E 127)	
ERYTHROSINE ALUMINIUMLAK (E 127)	
ESCULOSIDE 0-WATER	
ETHANOL	
ETHANOL 96 %	
ETHANOL 96 PER CENT	
ETHANOL ANHYDROUS	
ETHANOL, GEDENATUREERD MET METHANOL	
ETHANOLAMINE	
ETHER	
ETHYL ESTER OF ESSENTIAL FATTY ACIDS (RI)	
ETHYLBUTYRAAT	
ETHYLCELLULOSE (E 462)	
ETHYLEENDIAMINE-N,N'-DIAZIJNZUUR	
ETHYLEENDIAMINETETRAAZIJNZUUR	
ETHYLEENGLYCOL	
ETHYLEENGLYCOLMONOPALMITOSTEARAAT	
ETHYLEENGLYCOLSTEARAAT	
ETHYLENE VINYL ACETATE (RI)	
ETHYLLACTAAT	
ETHYLLAURAAT	
ETHYLMALTOL	
ETHYLOLEAAT	
ETHYLPARAHYDROXYBENZOAAT (E 214)	
ETHYLVANILLINE	
EUCALYPTOL	
EUCALYPTUS PARFUM	
EUCALYPTUSOLIE	
EUCAMENTHOLSMAAKSTOF-200286 SYMRISE	
EUDRAGIT L 30 D-55 {MIXTURE OF 4 INGREDIENTS OF WHICH 3 SOLID} (RI)	
EXCIPIENTS IN ACTIVE INGREDIENT MIXTURES (RI)	
FENETHYLALCOHOL	
FENNEL FLAVOUR (RI)	
FENOL	
FENOLSULFONFTALEINE	
FENOXYETHANOL	
FENYLETHYLALCOHOL	
FENYLKWIK (II) NITRAAT	
FERRIAMMONIUMCITRAAT	
FERRIC CHLORIDE HEXAHYDRATE	
FLAVOR, ORANGE JUICE, NATURAL AND ARTIFICIAL (RI)	
FLAVOUR FOR SMOKER 84.6422 (ROBERTET) (RI)	
FORMALDEHYD-CASEIN (RI)	
FORMALDEHYDE	
FORMALDEHYDE OPLOSSING	
FOSFAAT (3-)	
FOSFATIDYLCHOLINE, SOJA, GEHYDREERD	
FOSFATIDYLCHOLINE, SOYA	
FOSFORZUUR (E 338)	
FRAMBOZENSMAAKSTOF	
FRAMBOZENSMAAKSTOF A BC 00199	
FRESCOFORTSMAAKSTOF	
FRUCTOSE (D-)	
FRUIT-PUNCH SMAAKSTOFPOEDER	
FRUIT-PUNCHSMAAKSTOF	
FRUITSMAAKSTOF S-117772 Givaudan	
FUMAARZUUR (E 297)	
GARDEN MINT FLAVOUR (RI)	
GEEN HULPSTOFFEN	
GELATIN, HYDROLYZED (RI)	
GELATIN, HYDROLYZED AND CROSS-LINKED WITH GLUTARALDEHYDE (RI)	
GELATINE (E 441)	
GELATINE, AFKOMSTIG VAN VIS	
GELATINE, GEHYDROLYSEERD	
GELATINE, GEMODIFICEERD, GESUCCINYLEERD (MOLECUULGEWICHT ONBEKEND)	
GELATINE, GESUCCINYLEERD (32500 Da)	
GELE BIJENWAS	
GELE INKT	
GELE OF WITTE WAS (E901)	
GELE PRUIMEN-CITROENAROMA 39K 020	
GELLANGOM (E 418)	
GEMBER-CITROENSMAAKSTOF, CODE: WONF 034223	
GEMBERSMAAKSTOF 550229 TH Firmenich	
GENTISINEZUUR	
GERANIOL	
GEZUIVERD WATER	
GLUCONOLACTON (E 575)	
GLUCOSE (HYDRATATIEVORM ONBEKEND)	
GLUCOSE 0-WATER	
GLUCOSE 1-WATER	
GLUCOSE, VLOEIBAAR	
GLUTAMINEZUUR HYDROCHLORIDE	
GLYCEROL (E 422)	
GLYCEROL 85 PER CENT (E 422)	
GLYCEROL MONOCAPRYLOCAPRAAT, TYPE I	
GLYCEROLDIBEHENAAT	
GLYCEROLDISTEARAAT	
GLYCEROLMONOLAURAAT (E 471)	
GLYCEROLMONOLINOLEAAT	
GLYCEROLMONOSTEARAAT (E 471)	
GLYCEROLMONOSTEARAAT 40-55 (E 471)	
GLYCEROLPALMITOSTEARAAT	
GLYCEROLTRIACETAAT (E 1518)	
GLYCERYL BEHENATE (E 471) (RI)	
GLYCERYLMONORICINOLAAT (E 471)	
GLYCERYLMONOSTEARAAT, ZELF-EMULGEREND	
GLYCINE (E 640)	
GLYCINE HYDROCHLORIDE (E 640) (RI)	
GLYCOCHOLZUUR	
GLYCOFUROL (RI)	
GOUDKLEURIGE INKT	
GRAPEFRUIT FLAVOUR 11473-71 (RI)	
GRAPEFRUITSMAAKSTOF	
GREEN S (E 142)	
GRENADINE FLAVOUR (RI)	
GRIJZE INKT	
GRIJZE INKT F6	
GROENE INKT	
GUAR GOM (E 412)	
GUARAPROLOSE	
HARD VET	
HAVERSTROO FLAVOUR ZD 49284 (NAARDEN) (RI)	
HELIUM (HEAD SPACE) (E 939) (RI)	
HEPARINE	
HEPARINE NATRIUM	
HEPTAFLUOROPROPAAN	
HERBACOL 015393 TDLYF	
HEXAAN-1,2,6-TRIOL	
HEXYLEENGLYCOL	
HIGHER POLYOLS (RI)	
HISTIDINE, (L-)	
HISTIDINEMONOHYDROCHLORIDE 1-WATER (L-)	
HONEY FLAVOUR PERMASEAL 73425-31 (RI)	
HONING	
HONINGSMAAKSTOF	
HONINGSMAAKSTOF 503666 A Firmenich	
HUMAAN ALBUMINE	
HUMAAN ALBUMINE OPLOSSING	
HUMAAN SERUMALBUMINE	
HUMAAN, NORMAAL IMMUNOGLOBULINE VOOR INTRAVENEUS GEBRUIK	
HYDROGELCOPOLYMEER	
HYDROXYETHYLCELLULOSE	
HYDROXYETHYLSALICYLAAT	
HYDROXYPROPYL-GAMMA-CYCLODEXTRINE	
HYDROXYPROPYLBETADEX	
HYDROXYPROPYLCELLULOSE, LAAG GESUBSTITUEERD (E 463)	
HYPROLOSE (E 463)	
HYPROMELLOSE (E 464)	
HYPROMELLOSE (Release controlling polymer)(E 464)	
HYPROMELLOSE,  type 2208 (Release controlling polymer), K15M, K100M (E 464)	
HYPROMELLOSE, Type 2910 (3 - 15 mPa.s) (E 464)	
HYPROMELLOSE, type 2208 (Release controlling polymer), K4M (E 464)	
HYPROMELLOSE, type 2910 (Release controlling polymer), E4M (E 464)	
HYPROMELLOSEACETAATSUCCINAAT	
HYPROMELLOSEFTALAAT	
IJZER, METALLISCH	
IJZEROXIDE  BRUIN (E 172)	
IJZEROXIDE (Type en Kleur onbekend) (E 172)	
IJZEROXIDE GEEL (E 172)	
IJZEROXIDE ROOD  (E 172)	
IJZEROXIDE ROOD-BRUIN (E 172)	
IJZEROXIDE ZWART (E 172)	
IJZEROXIDE ZWART-BRUIN (E 172)	
IMIDUREUM	
INDIGOKARMIJN (E 132)	
INDIGOKARMIJN ALUMINIUMLAK (E 132)	
INKT MET ONBEKENDE SAMENSTELLING	
INULINE	
INVERTSUIKER	
IOBENGUANE SULPHATE (RI)	
ISOBUTAAN (HEAD-SPACE) (E 943B)	
ISOBUTYL PARAHYDROXYBENZOATE (RI)	
ISOLEUCINE, (L-)	
ISOMALT (E 953)	
ISOPROPYLALCOHOL	
ISOPROPYLMYRISTAAT	
ISOPROPYLPALMITAAT	
ISOSTEARINEZUUR	
JOBENGUAANHEMISULFAAT	
JOFLUPAAN I 127	
KALIUM (K+)	
KALIUMACETAAT	
KALIUMALUMINIUMSILICAAT (E 555)	
KALIUMCARBONAAT 0-WATER	
KALIUMCHLORIDE	
KALIUMDIWATERSTOFFOSFAAT 0-WATER (E 340)	
KALIUMHEXACYANOFERRAAT (III)	
KALIUMHYDROXIDE (E 525)	
KALIUMJODAAT	
KALIUMMETABISULFIET (E 224)	
KALIUMSORBAAT (E 202)	
KALIUMWATERSTOFCARBONAAT (E 501 (II))	
KALIUMWATERSTOFGLUTAMAAT (L-VORM) (E 622)	
KAMFER, (D,L-Vorm)	
KAMFER, (D-Vorm)	
KAMILLESMAAKSTOF, Virginia Dare 26149	
KAOLIEN	
KARMIJN (E120)	
KARWIJ-OLIE	
KATOENZAADOLIE, GEHYDREERD	
KAUWGOMBASIS	
KAUWGOMSMAAKSTOF $HASHTAG$15864	
KERSEN AROMA NO. 9077	
KERSENSMAAKSTOF	
KERSENSMAAKSTOF 501468 AP0551 FIRMENICH	
KERSENSMAAKSTOF DURAROME 501448 TD0990B FIRMANICH	
KERSENSMAAKSTOF SILAROM 1219803182	
KERSENSMAAKSTOF, Cerise Noise 501027A7P0504 (FIRMANICH)	
KOBALTDICHLORIDE 6-WATER	
KOKOSVANILLESMAAKSTOF P0612201 FREY LAU	
KOOL, GEACTIVEERD	
KOOLSTOFDIOXIDE (E 290)	
KOOLSTOFDIOXIDE, HEAD SPACE (E 290)	
KOPER (2+) FTALOCYANINEBLAUW	
KOPERSULFAAT 5-WATER	
KORIANDER OLIE	
KRUISMUNTOLIE	
KRUISMUNTSMAAKSTOF	
KRUISMUNTSMAAKSTOF 501495T Firmenich	
KUNSTMATIGE AARDBEIENSMAAKSTOF  BC-02433	
KUNSTMATIGE BESSENSMAAKSTOF	
KUNSTMATIGE BOSBESSENSMAAKSTOF (538926 C)	
KUNSTMATIGE GEMENGDE BESSENSMAAKSTOF	
KUNSTMATIGE VANILLE SMAAKSTOF 598.536 TP05.51 FIRMENICH	
L-ALPHA-DIMYRISTOYLPHOSPHATIDYLCHOLINE (RI)	
L-ALPHA-DIMYRISTOYLPHOSPHATIDYLGLYCEROL ( AS SODIUM AMMONIUM SALT) (RI)	
L-MONOMENTHYLGLUTARAAT	
LACTOSE (HYDRATE FORM UNKNOWN) (RI)	
LACTOSE 0-WATER	
LACTOSE 1-WATER	
LACTOSE MONOHYDRATE	
LANOLIN PERFUME OIL (RI)	
LAURAMIDEDIETHANOLAMINE	
LAURILDIMONIUM HYDROXYPROPYL GEHYDROLYSEERD COLLAGEEN	
LAUROMACROGOL 400	
LAUROMACROGOLEN (POLYOXYETHYLEEN LAURYLALCOHOL ETHER)	
LAUROYLMACROGOLGLYCERIDEN	
LAURYLBETAINE	
LAURYLDIMETHYLAMINE OXIDE	
LAURYLDIMONIUM HYDROXYPROPYL GEHYDROLYSEERD COLLAGEEN	
LECITHINE (E 322)	
LECITHINE, Ei (E 322)	
LECITHINE, SOYA (E 322)	
LECITHINE, SOYA, GEHYDREERD	
LEMON ALPINE TOFFEE FLAVOUR E9947900 (RI)	
LEMON AROMA H&R 213841 (RI)	
LEMON CREAM FLAVOUR (RI)	
LEMON FLAVOUR	
LEMON FLAVOUR  15.02.0598 (RI)	
LEMON FLAVOUR 00299	
LEMON FLAVOUR 501341 TD0590 (RI)	
LEMON FLAVOUR 84260-51 (RI)	
LEMON FLAVOUR NATURAL MICROSEAL 9/790918 (RI)	
LEMON FLAVOUR PA 042 (RI)	
LEMON JUICE FLAVOUR	
LEUCINE, (L-)	
LEVOMENTHOL (L- Vorm)	
LEVULINEZUUR	
LIME FLAVOUR NO.1 NA, BBA	
LIMOENOLIE	
LIMOENSMAAKSTOF	
LIMONEEN (D (+) VORM)	
LINALOOL	
LIQUID CARAMEL FLAVOUR H & R 47001 (RI)	
LITHIUM CHLORIDE	
LOSARTAN KALIUM	
LYSINE (L-) 1-WATER	
LYSINEHYDROCHLORIDE, L-	
MACROGOL (20-80) (D,L)-LACTIDE-GLYCOLIDE-COPOLYMEER, Hoog visceus	
MACROGOL (85-15) (D,L)-LACTIDE-GLYCOLIDE-COPOLYMEER, Laag visceus	
MACROGOL 1000	
MACROGOL 10000	
MACROGOL 120 METHYL GLUCOSE DIOLAAT	
MACROGOL 1450	
MACROGOL 1500	
MACROGOL 20 GLYCEROL MONOSTEARAAT	
MACROGOL 2000	
MACROGOL 20000	
MACROGOL 200000	
MACROGOL 300	
MACROGOL 3000	
MACROGOL 3350	
MACROGOL 35000	
MACROGOL 400	
MACROGOL 4000	
MACROGOL 6 GLYCEROL CAPRYLOCAPRATE (RI)	
MACROGOL 600	
MACROGOL 6000	
MACROGOL 7000000	
MACROGOL 800	
MACROGOL 8000	
MACROGOL CETYL ETHER	
MACROGOL DILAURATE (RI)	
MACROGOL ESTER MET C12 - C18 VETZUREN	
MACROGOL GLYCEROL MONOSTEARATE	
MACROGOL-30-ETHER GLYCEROLMONOSTEARAAT	
MACROGOLCETOSTEARYLETHER	
MACROGOLEN	
MACROGOLGLYCEROLCOCOAAT	
MACROGOLGLYCEROLHYDROXYSTEARAAT	
MACROGOLGLYCEROLRICINOLEAAT	
MACROGOLSTEARAAT 400	
MACROGOLSTEARAAT, TYPE I	
MACROGOLSTEARYLETHER	
MAGNESIUM STEARATE	
MAGNESIUMCARBONAAT (E 504 (I))	
MAGNESIUMCARBONAAT, HYDRAAT (E 504 (I))	
MAGNESIUMCARBONAAT, LICHT (E 504 (II))	
MAGNESIUMCARBONAAT, ZWAAR (E 504 (II))	
MAGNESIUMCHLORIDE 6-WATER (E 511)	
MAGNESIUMCITRAAT 0-WATER	
MAGNESIUMHYDROXIDE (E 528)	
MAGNESIUMOXIDE (E 530)	
MAGNESIUMOXIDE, LICHT (E 530)	
MAGNESIUMOXIDE, ZWAAR (E 530)	
MAGNESIUMSILICAAT (E 553A)	
MAGNESIUMSTEARAAT (E 470b)	
MAGNESIUMSUBCARBONAAT (E 504 II)	
MAGNESIUMSUBCARBONAAT, ZWAAR (E 504 (II))	
MAGNESIUMSULFAAT 7-WATER (E 518)	
MAGNESIUMTRISILICAAT (E 553A II))	
MALEÏNEZUUR	
MALTITOL (E 965)	
MALTITOL, VLOEIBAAR (E 965)	
MALTODEXTRINE	
MALTOL (E 636)	
MALTOSE (HYDRATATIEVORM ONBEKEND)	
MALTOSE 0-WATER	
MALTOSE 1-WATER	
MANDARIJNOLIE	
MANDARIJNSMAAKSTOF	
MANDARIN JUICE FLAVOUR SP 259016	
MANGOSMAAKSTOF	
MANGOSMAAKSTOF 055508 A (Firmenich)	
MANNITOL (D-) (E 421)	
MAPROFIX TLS-500 ONYX {MIXTURE OF 2 INGREDIENTS} (RI)	
MASKEERSMAAKSTOF PHL-131985 (Givaudan)	
MAÏSOLIE	
MAÏSOLIE, MONO-DI-TRIGLYCERIDE ESTERS	
MAÏSZETMEEL	N
MAÏSZETMEEL, GEDROOGD	N
MAÏSZETMEEL, GEHYDROLYSEERD	N
MAÏSZETMEEL, GEMODIFICEERD (MODIFICATIE ONBEKEND, (E 1450)	N
MAÏSZETMEEL, GEPREGELATINEERD	N
MAÏSZETMEEL, OPLOSBAAR	N
MEDIUM 199	
MEGLUMINE	
MELKZUUR (D,L)-GLYCOLZUUR COPOLYMEER LAURYLESTER	
MELKZUUR (D,L,+- VORM)  (E 270)	
MELKZUUR (E 270)	
MELKZUUR (L-,+ VORM) (E 270)	
MELKZUUR(D,L)-GLYCOLZUUR COPOLYMEER	
MENTHOL (OPTICAL ROTATION UNKNOWN) (RI)	
MENTHOL, RACEMISCH (DL-Vorm)	
MENTHOLSMAAKSTOF	
MENTHOLSMAAKSTOF 861017 TDB1192B (Firmenich)	
MENTHOLSMAAKSTOF, DROOG	
METACRESOL	
METHANOL	
METHIONINE, (L-)	
METHYLCELLULOSE (E 461)	
METHYLETHYLKETON	
METHYLPARAHYDROXYBENZOAAT (E 218)	
MICROKRISTALLIJNE WAS (E 905)	
MILD PINE FRAGRANCE Givaudan EFFICIENTLY 44	
MINERALE OLIE	
MINT MC 02645 (IN)	
MINT ROOTBEER FLAVOURING E9911748 (RI)	
MIRIPIRIUMCHLORIDE	
MIRRE	
MOLYBDEENTRIOXIDE	
MONO- EN DIGLYCERIDEN VAN VETZUREN (E 471)	
MONO- EN DIGLYCERIDEN VAN VETZUREN, MIDDENLANGE KETEN (E 471)	
MONO-, DI-  EN TRIGLYCERIDE VAN VETZUREN	
MONOETHANOLAMINELAURYLSULFAAT	
MONOGLYCERIDEN VAN VERZADIGDE PALMOLIE	
MONOGLYCERIDEN, GEACETYLEERD (E 472A)	
MONOGLYCERIDEN, GEDIACETYLEERD	
MONOGLYCERIDES, GEACETYLEERD, GEDESTILLEEERD (E 472A)	
MONOSODIUM CITRATE  (E 331) (RI)	
MONOTHIOGLYCEROL	
MONTAANGLYCOLWAS (E 912)	
MULTI-COMPONENT MEDIUM 199	
MUNT OLIE	
MUNT-ZOETHOUTSMAAKSTOF	
MUNTOLIE MET VERLAAGD MENTHOLGEHALTE	
MUNTSMAAKSTOF	
MUNTSMAAKSTOF 506070 T (Firmenich)	
MUSKUSCITROENSMAAKSTOF 051124 A Firmenich	
MYO-INOSITOL	
MYRCEEN	
MYRISTYLALCOHOL	
MYRISTYLBETAINE	
Macrogol 4000	
N,2,3-TRIMETHYL-2-ISOPROPYLBUTANAMIDE	
N-(4-AMINOBENZOYL)-L-GLUTAMIC ACID (RI)	
N-ACETYL-D,L-TRYPTOFAAN	
N-ACETYL-L-TRYPTOFAAN	
N-LAUROYLSARCOSINE	
N-METHYLPYRROLIDON	
NATRIUM (NA+)	
NATRIUM N-ACETYL-(DL)-TRYPTOFANAAT	
NATRIUMACETAAT 0-WATER (E 262)	
NATRIUMACETAAT 3-WATER (E 262)	
NATRIUMALGINAAT (E 401)	
NATRIUMALUMINIUMSILICAAT (E 554)	
NATRIUMASCORBAAT (E 301)	
NATRIUMBENZOAAT (E 211)	
NATRIUMCALCIUMALGINAAT	
NATRIUMCAPRILAAT	
NATRIUMCARBONAAT 0-WATER (E 500 (I))	
NATRIUMCARBONAAT 1-WATER (E 500 (I))	
NATRIUMCETOSTEARYLSULFAAT	
NATRIUMCHLORIDE	
NATRIUMCYCLAMAAT (E 952)	
NATRIUMDIWATERSTOFCITRAAT (E 331)	
NATRIUMDIWATERSTOFFOSFAAT 0-WATER (E 339)	
NATRIUMDIWATERSTOFFOSFAAT 1-WATER (E 339)	
NATRIUMDIWATERSTOFFOSFAAT 2-WATER (E 339)	
NATRIUMETHYLPARAHYDROXYBENZOAAT	
NATRIUMFORMALDEHYDESULFOXYLAAT	
NATRIUMFYTAAT	
NATRIUMGLUCONAAT (E 576)	
NATRIUMGLUTAMAAT 1-WATER (E 621)	
NATRIUMHYALURONAAT	
NATRIUMHYDROXIDE (E 524)	
NATRIUMHYPOCHLORIET	
NATRIUMLACTAAT (R,S)	
NATRIUMLACTAATOPLOSSING (S-VORM) 50 pCt	
NATRIUMLAURETHSULFAAT	
NATRIUMLAURILSULFAAT (E 487)	
NATRIUMMETABISULFIET (E 223)	
NATRIUMMETHYLPARAHYDROXYBENZOAAT (E 219)	
NATRIUMNITRAAT	
NATRIUMOLEAAT (E 470A)	
NATRIUMPROPYLPARAHYDROXYBENZOAAT (E 217)	
NATRIUMPYROFOSFAAT 10-WATER	
NATRIUMSTEARAAT (E 470A)	
NATRIUMSTEARYLFUMARAAT	
NATRIUMSULFAAT 0-WATER (E 514 (I))	
NATRIUMSULFIET 0-WATER (E 221)	
NATRIUMTHIOSULFAAT 5-WATER	
NATRIUMVALPROAAT	
NATRIUMWATERSTOFCARBONAAT (E 500 (II))	
NATRIUMWATERSTOFSULFIET (E 222)	
NATRIUMZETMEELGLYCOLAAT	?
NATRIUMZETMEELOCTENYLSUCCINAAT (E 1450)	?
NATURAL & ARTIFICIAL CHERRY FLAVOR FLAV-O-LOK 610746-U	
NATURAL & ARTIFICIAL LEMON FLAVOR (57.461-AP-05.51) FIRMENICH (RI)	
NATURAL & ARTIFICIAL LIME FLAVOR (57.653-AP-05.52) FIRMENICH (RI)	
NATURAL & ARTIFICIAL STRAWBERRY FLAVOR FLAV-O-LOK 610745-U	
NATURAL LEMON FLAVOUR (9/008378) DRAGOCO (RI)	
NATUURLIJK CITROENSMAAKSTOF 9722	
NATUURLIJK DRUIVEN-ANANAS SMAAKSTOF WONF 3009672 Givaudan	
NATUURLIJK SINAASAPPELAROMA	
NATUURLIJK SINAASAPPELSMAAKSTOF 57.458/AP 05.51 Firmenich	
NATUURLIJK SINAASAPPELSMAAKSTOF PDR 20.4562.4P PHA	
NATUURLIJK ZOETHOUTSMAAKSTOF Givaudan	
NATUURLIJKE EN KUNSTMATIGE SMAAKSTOFFEN	
NATUURLIJKE PEPPERMUNTSMAAKSTOF	
NEOHESPERIDINEDIHYDROCHALCON	
NEOMYCINESULFAAT	
NEOTAAM	
NERAL, ZETA	
NICOTINAMIDE	
NONOXINOL	
NONOXINOL-9	
NOOTMUSKAATOLIE	
NORFLURAAN	
OCTISALAAT	
OCTOXINOL	
OCTOXINOL 10	
OCTOXINOL 40	
OCTOXINOL 9	
OCTYLDODECANOL	
OKIE GRAY A 8135 {MIXTURE OF 5 INGREDIENTS OF WHICH 3 SOLID} (RI)	
OLEOYL MACROGOLGLYCERIDES	
OLEYLALCOHOL	
OLEYLOLEAAT	
OLIEZUUR	
OLIJFOLIE	
OLIJFOLIE, GEZUIVERD	
OPACODE S-1-8100 (HV) [BLACK] {MIXTURE OF 7 INGREDIENTS OF WHICH 4 SOLID} (RI)	
OPADRY OY-3508 [ORANGE] {MIXTURE OF 6 INGREDIENTS} (RI)	
OPADRY OY-6929, ROZE	
OPADRY OY-8215 [GREY] {MIXTURE OF 6 INGREDIENTS} (RI)	
OPADRY Y-1-7000 [WHITE] {MIXTURE OF 3 SOLID INGREDIENTS} (RI)	
OPADRY Y-30-18037 [WHITE] {MIXTURE OF 4 INGREDIENTS} (RI)	
OPAGLOS 6000 {MIXTURE OF 4 INGREDIENTS OF WHICH 3 SOLID} (RI)	
OPTACOOLSMAAKSTOF-291894 SYMRISE	
OPTAMINT 79889B (RI)	
OPTAMINTSMAAKSTOF 291616	
ORANGE CREAM FLAVOUR PERMASEAL 11022-31	
ORANGE FLAVOUR 2M16014 (RI)	
ORANGE FLAVOUR 59.107/AP 05.00 (RI)	
ORANGE FLAVOUR 60034 (RI)	
ORANGE FLAVOUR FLAV-O-LOK 610271H	
ORANGE FLAVOUR S 289 (RI)	
ORANGE-MANDARIN NATURAL FLAVOUR MK-500 (RI)	
ORANJE INKT	
OXYCHINOLINE	
OZOKERIET	
PAARSE INKT	
PALM OIL (IN)	
PANCREATINE	
PAPIER (26 G/M2)	
PARAFFINE, DUNVLOEIBAAR	
PARAFFINE, HARD (E 905)	
PARAFFINE, SYNTHETISCH	
PARAFFINE, VLOEIBAAR (E905)	
PARAFFINE, ZACHT (E 905)	
PARFUM CREME 45	
PARFUM LC 01618	
PASSIEVRUCHTSMAAKSTOF	
PASSION FRUIT DRY FLAVOUR (RI)	
PASSION FRUIT FLAVOUR V12110 (RI)	
PATENTBLAUW V (E131)	
PEACH-APRICOT FLAVOUR  26F22	
PECTINE (HM)	
PENTAERYTHRITOLTETRAKIS (3,5-DI-TERT-BUTYL-4-HYDROXYPHENYL)PROPANOAAT ESTER	
PENTASODIUM TRIPHOSPHATE (RI)	
PEPERMUNT SMAAKSTOF 76175-51 GIVAUDAN	
PEPERMUNTOLIE	
PEPERMUNTPOEDER SMAAKSTOF	
PEPERMUNTSMAAKSTOF	
PEPERMUNTSMAAKSTOF 506041 T (Firmenich)	
PEPERMUNTSMAAKSTOF 51.296 TP 0551	
PEPERMUNTSMAAKSTOF AF 1971 Alexander Flavours	
PEPERMUNTSMAAKSTOF E 34543	
PEPERMUNTSMAAKSTOF PERMASEAL 76175-51	
PEPERMUNTSMAAKSTOF, POEDER  E.0613218 Pharmarome	
PEPPERMINT AROMA (DRAGOGO 9/008677)	
PEPPERMINT DRY FLAVOUR	
PEPPERMINT EMULSION 15.01.9411 (RI)	
PEPPERMINT FLAVOR, NATURAL & ARTIFICIAL	
PERFUME CHEMODERM 841 (RI)	
PERFUME OIL FLAIR PH 799 893 / 731 960 (RI)	
PERFUME OIL ORANIA PH 799867 (RI)	
PERZIK-ABRIKOZENSMAAKSTOF	
PERZIK-ABRIKOZENSMAAKSTOF 26 F 22, GEPOEDERD	
PERZIKSMAAKSTOF	
PERZIKSMAAKSTOF 85 502	
PHOSAL 53 MCT	
PINENUM ALPHA (LN)	
PINENUM BETA (LN)	
PLANTAARDIGE OLIE	
PLANTAARDIGE OLIE, GEDEELTELIJK GEHYDREERD	
PLANTAARDIGE OLIE, GEHYDREERD	
PLANTAARDIGE VETTEN	
PLASTIBASE {MIXTURE OF 2 INGREDIENTS} (RI)	
POLACRILINE	
POLACRILINE KALIUM	
POLIDRONIUM CHLORIDE	
POLOXAMEER	
POLOXAMEER 124	
POLOXAMEER 182	
POLOXAMEER 188	
POLOXAMEER 237	
POLOXAMEER 407	
POLY(DL-MELKZUUR)	
POLY(DL-MELKZUUR) 17,5K-26,1K	
POLY(METHYLMETHACRYLAAT)	
POLYACRYLAAT NATRIUM	
POLYACRYLZUUR	
POLYBUTYLTITANATE (RI)	
POLYCARBOFIL	
POLYCARBOFIL CALCIUM	
POLYDEXTROSE (E 1200)	
POLYDIMETHYLSILOXAAN AFGIFTE MEMBRAAN SLANG	
POLYDIMETHYLSILOXAAN SILASTIC MDF 0373 AFGIFTE MEMBRAAN SLANG	
POLYESTER	
POLYESTERFILM, GEFLUORIDEERD	
POLYESTERFILM, GESILICONEERD	
POLYESTERFOLIE BEKLEED MET GEPIGMENTEERD POLYETHYLEEN, THERMOPLASTISCH POLYMEER EN ALLUMINIUM	
POLYESTERFOLIE, BEKLEED MET POLYETHYLEEN EN ALUMINIUM	
POLYETHYLEEN	
POLYETHYLEENGLYCOL (E 1521)	
POLYETHYLEENGLYCOLDIBEHENAAT	
POLYETHYLEENOXIDE	
POLYETHYLEENTEREPHTHALAAT	
POLYETHYLEENTEREPHTHALAAT, BEKLEED MET ALUMINIUM	
POLYETHYLEENTEREPHTHALAAT, GESILICONEERD	
POLYETHYLEENTEREPHTHALAAT, GESILICONEERD EN BEKLEED MET ALUMINIUM	
POLYETHYLEENTEREPHTHALAAT-ETHYLVINYLACETAAT FILM	
POLYGELINE	
POLYGLYCERYL 1-3 DIOLEAAT (E 475)	
POLYGLYCERYL-2 SESQUIISOSTEARAAT	
POLYGLYCOLIDE, Type A6	
POLYIMIDE HULS	
POLYISOBUTEEN	
POLYOXYETHYLEEN (40) SORBITOLSEPTAOLEAAT	
POLYOXYETHYLEEN METHYL-D-GLUCOPYRANOSIDE (4:1)	
POLYOXYPROPYLEEN-11-STEARYLETHER	
POLYOXYPROPYLEEN-15-STEARYLETHER	
POLYPROPYLEEN	
POLYQUATERNIUM-1	
POLYQUATERNIUM-10	
POLYSACCHARIDEN VAN SOJA	
POLYSORBAAT 20 (E 432)	
POLYSORBAAT 60 (E 435)	
POLYSORBAAT 65 (E 436)	
POLYSORBAAT 80 (E 433)	
POLYSORBAAT, Type onbekend	
POLYSTYREENSULFONAAT NATRIUM	
POLYURETAAN	
POLYURETHAAN NIET-GEWEVEN MEDICINAAL TAPE	
POLYVINYLACETAAT	
POLYVINYLACETAATPHTHALAAT	
POLYVINYLALCOHOL (E1203)	
POLYVINYLALCOHOL, GEDEELTELIJK GEHYDROLYSEERD (E1203)	
POLYVINYLALCOHOL, GEHYDROLYSEERD	
POLYVINYLALCOHOL, MEMBRAAN	
POLYVINYLCHLORIDE	
PONCEAU 4R (E 124)	
PONCEAU 4R ALUMINIUMLAK (E 124)	
POTASSIUM HYDROXYQUINOLINE SULPHATE (RI)	
POTATO STARCH (RI)	N
POVIDON (E 1201)	
POVIDON K 12 (E 1201)	
POVIDON K 17 (E 1201)	
POVIDON K 25 (E 1201)	
POVIDON K 30 (E 1201)	
POVIDON K 70 (E 1201)	
POVIDON K 90 (E 1201)	
PROPAAN  (HEAD-SPACE) (E 944)	
PROPAAN-ISOBUTAAN-BUTAAN DRIJFGASMENGSEL (E 944, E 943B, E 943A)	
PROPYLEENCARBONAAT	
PROPYLEENGLYCOL (E 1520)	
PROPYLEENGLYCOLALGINAAT (E 405)	
PROPYLEENGLYCOLDICAPRILOCAPRAAT (E 477)	
PROPYLEENGLYCOLDICAPRYLOCAPRAAT	
PROPYLEENGLYCOLMONO-DISTEARAAT (E 477)	
PROPYLEENGLYCOLMONOCAPRILAAT	
PROPYLEENGLYCOLMONOLAURAAT, TYPE I (E 477)	
PROPYLEENGLYCOLMONOPALMITOSTEARAAT (E 477)	
PROPYLGALLAAT (E 310)	
PROPYLPARAHYDROXYBENZOAAT (E 216)	
"PROSWEET ""G"" 859"	
PROTAMINESULFAAT	
PRUIMENSMAAKSTOF	
PRUIMENSMAAKSTOF 580306 T Firmenich	
PULEGON	
PULLULAN (E1204)	
PYROXYLINE	
QUINOLINE YELLOW ALUMINIUM LAKE	
RAAPZAADOLIE	
RASPBERRY FLAVOUR 110190 (RI)	
RASPBERRY FLAVOUR NO. 5 (RI)	
RIBOFLAVINE	
RIBOFLAVINE NATRIUMFOSFAAT 0-WATER	
RICE STARCH, ETHERED WITH TETRAMETHYLOLACETYLENEDIUREA (RI)	N
RICINUSOLIE	
RIJSTZETMEEL	N
RODE BESSENSMAAKSTOF	
RODE INKT	
RODE INKT A1	
RODE VRUCHTENSMAAKSTOF	
ROESTVRIJ CHIRURGISCH STAALDRAAD	
ROOMSMAAK 050001 U30377 Firmenich	
ROZE INKT	
ROZEMARIJNOLIE	
ROZENOLIE	
S-2-HYDROXY-3-IODO-6-METHOXY-N-[(1-ETHYL-2-PYRROLIDINYL)METHYL]BENZAMIDE	
SACCHAROIDE (E 954)	
SACCHAROIDE NATRIUM X-WATER (E 954)	
SACCHAROSE	
SACCHAROSELAURAAT (E 473)	
SACCHAROSEMONOPALMITAAT (E 473)	
SALPETERZUUR	
SALVIA-OLIE, SPAANSE	
SAPONINE	
SCHELLAK (E 904)	
SCHELLAK GLAZE, GEDEELTELIJK VERESTERD	
SESAMOLIE, GEZUIVERD	
SHELLAC,FOOD GRADE (IN)	
SILICA, HYDRATE FORM UNKNOWN (E 551)	
SILICA, HYDROFOOB	
SILICIUMDIOXIDE (E 551)	
SILICIUMDIOXIDE, GEHYDRATEERD (E 551)	
SILICIUMDIOXIDE, HYDROFOOB	
SILICONE	
SILICONE ANTIFOAM EMULSION SE 2 {MIXTURE OF 5 INGREDIENTS OF WHICH 4 SOLID} (RI)	
SILICONEN ANTISCHUIM DC 1510	
SILICONEN ANTISCHUIM EMULSIE	
SILICONEN ANTISCHUIMEMULSIE	
SILICONEN KLEEFSTOF (NUSIL MED-1137)	
SILICONEN KLEEFSTOF BIO-PSA DRO7-4560	
SILICONEN KLEEFSTOF BIO-PSA Q7-4302	
SILICONEN KLEEFSTOF BIO-PSA QCF7-4354	
SILICONENOLIE	
SILICONISED ALUMINISED POLYESTER FILM (RI)	
SILICONISED POLYESTER (RI)	
SIMETICON	
SIMETICON EMULSIE	
SIMETICONE 30% POWDER (RI)	
SINAASAPPEL GRAPEFRUITSMAAKSTOF	
SINAASAPPELAROMA 30 F 27	
SINAASAPPELOLIE	
SINAASAPPELOLIE, TERPEENVRIJ	
SINAASAPPELSMAAKSTOF	
SINAASAPPELSMAAKSTOF  55.301 AP 0551	
SINAASAPPELSMAAKSTOF 0285 Sensient	
SINAASAPPELSMAAKSTOF 052595A Firmenich	
SINAASAPPELSMAAKSTOF 28 B 174 IFF	
SINAASAPPELSMAAKSTOF 28 B 174 IFF 2	
SINAASAPPELSMAAKSTOF 501071 AP0551 Firmenich	
SINAASAPPELSMAAKSTOF 57403 TP0551 FIRME	
SINAASAPPELSMAAKSTOF CPB code 239 - Topo Pharma	
SINAASAPPELSMAAKSTOF CVT code 255 - Topo Pharma	
SINAASAPPELSMAAKSTOF H&R290038	
SINAASAPPELSMAAKSTOF MCA 208 (Topo-Pharma)	
SINAASAPPELSMAAKSTOF SN027512	
SINAASAPPELSMAAKSTOF type Sweet Permaseal PHS-132960	
SITAGLIPTINE	
SNAPPING HAZELNUT, WATER EXTRACT OF (RI)	
SODIUM ACETYLTRYPTOPHANATE (RI)	
SODIUM CAPRYLATE (E 470A) (RI)	
SODIUM CITRATE, HYDRATE FORM UNKNOWN (E 331) (RI)	
SODIUM TARTRATE, ANHYDROUS (E 335) (RI)	
SOFTISAN 649	
SOJABOONOLIE	
SOJABOONOLIE, GEDEELTELIJK GEHYDREERD	
SOJABOONOLIE, GEHYDREERD	
SOJAOLIE, GEZUIVERD	
SOJAPOLYSACCHARIDEN	
SOLIDS FROM SORBITOL 70 PER CENT (NON - CRYSTALLISING) (RI)	
SORBINEZUUR (E 200)	
SORBITAN	
SORBITANISOSTEARAAT	
SORBITANMONOLAURAAT (E 493)	
SORBITANMONOOLEAAT (E 494)	
SORBITANMONOPALMITAAT (E 495)	
SORBITANMONOSTEARAAT (E 491)	
SORBITANSESQUIOLEAAT	
SORBITOL (D-)(E 420)	
SORBITOL VLOEIBAAR, GEDEELTELIJK GEDEHYDRATEERD	
SORBITOL, VLOEIBAAR (KRISTALLISEERBAAR of NIET-KRISTALLISEERBAAR (E 420)	
SORBITOL, VLOEIBAAR, KRISTALLISEERBAAR (E 420)	
SORBITOL, VLOEIBAAR, NIET-KRISTALLISEERBAAR (E 420)	
SOYA BEAN OIL, FRACTIONATED (RI)	
SPECIAL DRY FLAVOUR 221039 HR	
SPRAY DRIED VERI-ESSENCE NATUREL LEMON FLAVOR $HASHTAG$ 5260 (RI)	
STANNO (2+) OCTOAAT	
STANNO(II)CHLORIDE WATERVRIJ	
STANNOUS OXIDE (RI)	
STANNOUS SULPHATE (RI)	
STARCH POTATO	N
STARCH,  HYDROLYSED	M
STARCH, PREGELATINISED (NOT FROM WHEAT STARCH)	N
STEARINEZUUR (E 570)	
STEAROYLMACROGOLGLYCERIDEN	
STEARYLALCOHOL	
STERANIJSOLIE	
STEROTEX K (RI)	
STIKSTOF (E 941)	
STIKSTOF (HEAD SPACE) (E 941)	
STRAWBERRY FLAVOUR 500286E (RI)	
STRAWBERRY FLAVOUR 60045 (RI)	
SUCRALOSE (E 955)	
SUCROSESTEARAAT (E 473)	
SUGAR SPHERES	
SULFIET (SO3)2-	
SULFOBUTYLETHER BETA-CYCLODEXTRIN NATRIUM	
SWEET ORANGE FLAVOUR (RI)	
SWEET ORANGE OIL SPECIAL 17.45.8520 IFF (RI)	
SWISS CREME POWDER $HASHTAG$ 13773 (RI)	
TALK (E 553 B)	
TANGERINE FLAVOUR PHA-105286	
TARTRAZINE (E 102)	
TARTRAZINE ALUMINIUMLAK (E 102)	
TARWEZETMEEL	J
TERPENELESS LEMON OIL (RI)	
TERPINEEN, GAMMA	
TETRADONIUMBROMIDE	
TETRAKALIUMPYROFOSFAAT	
TETRAPROPYLSILICAAT	
TETRAXETAN 2-WATER	
THIJMOLIE	
THIOMERSAL	
THYMOL	
TINCTURA MELROSI	
TINCTURA PRIMULAE COMPOSITUM	
TINCTURA THYMI COMPOSITUM	
TINDICHLORIDE 2-WATER (E 512)	
TITAANDIOXIDE (E 171)	
TITANIC HYDROXIDE (IN)	
TITANII DIOXIDUM (LN)	
TOCOFEROL, D-ALFA (E 307)	
TOCOFEROL, D-ALPHA WATERSTOFSUCCINAAT	
TOCOFEROL, DL-ALFA (E 307)	
TOCOFEROL, DL-ALFA ACETAAT	
TOCOFERSOLAN	
TOCOPHEROL, ALPHA (OPTICAL ROTATION UNKNOWN)	
TOCOPHERYL ACETATE, ALPHA (OPTICAL ROTATION UNKNOWN)	
TRAGACANT	
TREHALOSE (Alpha, Alpha-)  2-WATER	
TRIBUTYLACETYLCITRAAT	
TRICALCIUMFOSFAAT	
TRICINE	
TRIETHANOLAMINE	
TRIETHANOLAMINELAURYSULFAAT	
TRIETHYLCITRAAT (E 1505)	
TRIGLYCERIDEN MET OMEGA-3-VETZUREN	
TRIGLYCERIDEN MIDDELLANGE KETEN	
TRIKALIUMCITRAAT 1-WATER	
TRINATRIUMCALOXETAAT	
TRINATRIUMCITRAAT 0-WATER (E 331)	
TRINATRIUMCITRAAT 2-WATER (E 331)	
TRINATRIUMFOSFAAT 0-WATER (E 339)	
TRINATRIUMFOSFAAT 12-WATER (E 339)	
TRIPALMITINE	
TRIS(2,4-DI-TERT-BUTYLPHENYL)FOSFIET	
TROMETAMOL	
TROMETAMOLHYDROCHLORIDE	
TRUSIL PEPERMUNT SPECIAL SMAAKSTOF	
TUTTI FRUTTI FLAVOR 051880 AP 0551	
TUTTI FRUTTI FLAVOUR 11900-31 (RI)	
TUTTI FRUTTI QL84441 (RI)	
TUTTI FRUTTI SMAAKSTOF, FIRMENICH 51.880/A	
TUTTI- FRUTTI SMAAKSTOF	
TUTTI-FRUTTI SMAAKSTOF 501103A (Firmenich)	
TUTTI-FRUTTI SMAAKSTOF 501103AF	
TYLOXAPOL	
TYROSINE, (L-)	
Trinatrium N-(2-hydroxyethyl)ethyleendiamine- N,N',N'-triacetaat 2,5-Water	
UNKNOWN NON-IONIC EMULGATOR (RI)	
UREUM (E 927B)	
VANILLA CUSTARD FLAVOUR 75016-32 Givaudan-Roure	
VANILLA FLAVOR 054286 B7P0504	
VANILLA FLAVOUR 610212 E (RI)	
VANILLA FLAVOUR IFF 17.41.0067	
VANILLA-CARAMEL FLAVOUR 84.8332 (RI)	
VANILLE CUSTARD SMAAKSTOF	
VANILLESMAAKSTOF	
VANILLESMAAKSTOF 50A1913	
VANILLESMAAKSTOF O VP	
VANILLESMAAKSTOF POEDER 15019380  IFF	
VANILLINE	
VASELINE, GEEL	
VASELINE, WIT	
VEGETABLE CARBON (E 153) (RI)	
VEGETABLE OIL ADSORBATE (RI)	
VENKELOLIE, AETHERISCHE OLIE VAN DE VRUCHT	
VISCOSE	
VLIERBESSENSAPCONCENTRAAT	
VOORVERPAKTE KOLOM GEVULD MET TINDIOXIDE	
VOORVERPAKTE KOLOM GEVULD MET TITANIUMDIOXIDE EN AFGEDICHT MET POLYMEER AFSLUITERS	
WALSCHOT	
WASABISMAAKSTOF 506826 T Firmenich	
WATER VOOR INJECTIE	
WATER, GEZUIVERD	
WATER, HOOG GEZUIVERD	
WATER, PURIFIED	
WATERSTOFPEROXIDE	
WHEAT GERMOIL (RI)	?
WHITE SUGAR FLAVOUR 3112044 (RI)	
WIJNSTEENZUUR (D-,L-)	
WIJNSTEENZUUR, (L (+) Vorm) (E 334)	
WITTE BIJENWAS (E 901)	
WITTE BIJENWAS SUBSTITUUT, TYPE 6621	
WITTE CHOCOLADE-SMAAKSTOF	
WITTE INKT	
WOLVET	
WOLVET,  GEHYDREERD	
WOLVETALCOHOLEN	
WOLVETALCOHOLENZALF	
XANTHAANGOM (E 415)	
XYLITOL (E 967)	
ZEEWATER, GEZUIVERD	
ZETMEEL	M
ZETMEEL, GEDEELTELIJK GEHYDROLYSEERD	M
ZETMEEL, GEMODIFICEERD (MODIFICATIE ONBEKEND)	M
ZETMEEL, GEPREGELATINEERD	M
ZETMEEL, OPLOSBAAR	M
ZILVER (E 174)	
ZINC FORMATE (RI)	
ZINGIBERIS RHIZOMA, VLUCHTIGE OLIE	
ZINKDIACETAAT 2-WATER (E 650)	
ZINKDICHLORIDE (BEREID UIT ZINKOXIDE EN ZOUTZUUR)	
ZINKOXIDE	
ZINKSTEARAAT	
ZIRKONIUM DIOXIDE	
ZOETHOUTSMAAKSTOF	
ZONNEBLOEMOLIE	
ZONNEBLOEMOLIE, GEZUIVERD	
ZONNEGEEL FCF (E 110)	
ZONNEGEEL FCF ALUMINIUMLAK (E 110)	
ZOUTZUUR (E 507)	
ZUURSTOF, MEDICINAAL	
ZWARTE BESSEN SMAAKSTOF	
ZWARTE BESSEN SMAAKSTOF 501017 AP 0551 Firmenich	
ZWARTE BESSEN SMAAKSTOF 502.009 / AP 0551	
ZWARTE INKT	
ZWAVELDIOXIDE (E 220)	
ZWAVELZUUR (E 513)	
ijzeroxide	
lactose	
